id;first_name;last_name;birth_date;address;email;role;password;registration_date;account_locked_until;failed_login_attempts;status;login;image_url;activated;lang_key
1;Sonia;Orta Padrón;2025-02-04;brr rightfully;Josefina57@yahoo.com;pish off relative;meanwhile uh-huh liquid;2025-02-04T02:36:48;2025-02-04;23090;7121;"7ZW";farm;true;distant
2;Claudia;Espinal Vera;2025-02-04;despite usefully mosh;Mariano_HolguinPrieto42@yahoo.com;bah advocate bah;gee;2025-02-04T20:09:08;2025-02-04;23554;16306;"5";within grandpa;true;switch via
3;Samuel;Holguín Espinosa;2025-02-04;round;Alicia.SaucedoRomero@hotmail.com;apropos reasonable cloudy;deeply beyond;2025-02-04T19:09:34;2025-02-04;12344;4008;"$rc@Q\hO2";handle hence recommendation;true;soggy obtr
4;Felipe;Valladares Rocha;2025-02-04;energetically;JuanCarlos_BalderasEspinoza@yahoo.com;crowded oh;eyeliner than furthermore;2025-02-04T10:14:10;2025-02-04;1305;26264;"JJ";truthfully;true;while deli
5;José Luis;Piña Esquivel;2025-02-04;yahoo;Salvador.MadridGutierrez@hotmail.com;smoggy;modulo yahoo major;2025-02-03T22:25:00;2025-02-04;11598;5807;"e";um;true;statue how
6;María Cristina;Ojeda Santiago;2025-02-04;step how;JoseLuis.QuinonesCamarillo80@gmail.com;instantly;cheerfully noxious;2025-02-04T01:48:30;2025-02-04;1192;11904;"Vc@K\2f6nm";competent;true;ultimately
7;Mercedes;Carrión Betancourt;2025-02-04;potentially without concerning;Carlota84@hotmail.com;before since poorly;psst arraign poetry;2025-02-04T17:22:27;2025-02-04;23566;9387;"_Qexca";however carnival nearly;false;cutover te
8;Emilio;Alarcón Montenegro;2025-02-04;yuppify who;Pilar24@yahoo.com;now;yowza;2025-02-04T06:19:31;2025-02-04;21877;172;"&*{kYr@1\&sCQXHt\gpYj\[Y0X9se\6Z4cCR\IdWbTce";nectarine;false;blah incid
9;Isabel;Rojo Acevedo;2025-02-04;usable;Claudio53@hotmail.com;speedy;oh heartache ruddy;2025-02-04T19:33:31;2025-02-04;714;20574;"3Z";since;true;forenenst
10;Carolina;Ríos Griego;2025-02-04;and small exhausted;Gustavo.TafoyaBahena@yahoo.com;greedily;toward;2025-02-04T12:26:51;2025-02-03;29976;15486;"krh";foot selfish;true;amongst do
